Feature,Importance
N,0.1721340480247763
P,0.15028005808188669
K,0.14392947929478594
rainfall,0.13505544488088797
pH,0.10337670965662007
temperature,0.09038526016268768
humidity,0.08569556666153008
area_hectares,0.08164726971210709
crop_type,0.03749616352471831
